<?xml version='1.0' encoding='UTF-8'?>
<REQUEST>
    <HEAD>
        <CODE></CODE>
        <SID></SID>
        <TIMESTAMP>20190523135623</TIMESTAMP>
        <SERVICEID>SHNGBDOC</SERVICEID>
    </HEAD>
    <BODY>
        <OPERATORID>admin</OPERATORID >
        <OPERATORPWD>2b59a37659593602a6509d9cb0dd374d3aa29b72115c523dfc5f249357a97a0c</OPERATORPWD >
        <OPERATORIP>127.0.0.1</OPERATORIP>
        <AUTHORTYPE>ROLE</AUTHORTYPE>
        <BEAUTHORTYPE>PERMISSION</BEAUTHORTYPE>
        <AUTHORRELLIST>
            <AUTHORRELINFO>
                <AUTHORID>121</AUTHORID>
                <MODIFYTYPE>delete</MODIFYTYPE>
                <BEAUTHORLIST>
                	<BEAUTHORINFO>
                        <BEAUTHORID>1</BEAUTHORID>
                    </BEAUTHORINFO>
                    <BEAUTHORINFO>
                        <BEAUTHORID>3</BEAUTHORID>
                    </BEAUTHORINFO>
                </BEAUTHORLIST>
            </AUTHORRELINFO>
        </AUTHORRELLIST>
       
    </BODY>
</REQUEST>
