<?xml version='1.0' encoding='UTF-8'?>
<USERMODIFYREQ>
    <HEAD>
        <CODE></CODE>
        <SID></SID>
        <TIMESTAMP>20190523135623</TIMESTAMP>
        <SERVICEID>SHNGBDOC</SERVICEID>
    </HEAD>
    <BODY>
        <OPERATORID>admin</OPERATORID>
        <OPERATORPWD>2b59a37659593602a6509d9cb0dd374d3aa29b72115c523dfc5f249357a97a0c</OPERATORPWD>
        <OPERATORIP>10.138.31.3</OPERATORIP>
        <MODIFYMODE>chgstatus</MODIFYMODE>
        <USERINFO>
            <USERID>68</USERID>
            <STATUS>1</STATUS>
         </USERINFO>
      </BODY>
</USERMODIFYREQ>
            
