<?xml version='1.0' encoding='UTF-8'?>
<REQUEST>
    <HEAD>
        <CODE></CODE>
        <SID></SID>
        <TIMESTAMP>20190523172106</TIMESTAMP>
        <SERVICEID>SHNGBDOC</SERVICEID>
    </HEAD>
    <BODY>
        <OPERATORID>admin</OPERATORID>
        <OPERATORPWD>2b59a37659593602a6509d9cb0dd374d3aa29b72115c523dfc5f249357a97a0c</OPERATORPWD>
        <OPERATORIP>127.0.0.1</OPERATORIP>
        <ACCTAUTHORLIST>
            <ACCTAUTHORINFO>
                <USERID>68</USERID>
                <AUTHORTYPE>role-角色</AUTHORTYPE>
                <MODIFYTYPE>add</MODIFYTYPE>
                <AUTHORLIST>
                    <AUTHORINFO>
                        <ID>1</ID>
                    </AUTHORINFO>
                    <AUTHORINFO>
                        <ID>9</ID>
                    </AUTHORINFO>
                
                </AUTHORLIST>
            </ACCTAUTHORINFO>
            <ACCTAUTHORINFO>
                <USERID>67</USERID>
                <AUTHORTYPE>role-角色</AUTHORTYPE>
                <MODIFYTYPE>add</MODIFYTYPE>
                <AUTHORLIST>
                    <AUTHORINFO>
                        <ID>1</ID>
                    </AUTHORINFO>
                    <AUTHORINFO>
                        <ID>9</ID>
                    </AUTHORINFO>
                
                </AUTHORLIST>
            </ACCTAUTHORINFO>
        </ACCTAUTHORLIST>
    </BODY>
</REQUEST>
