<?xml version='1.0' encoding='UTF-8'?>
<REQUEST>
    <HEAD>
        <CODE></CODE>
        <SID></SID>
        <TIMESTAMP>20190523172106</TIMESTAMP>
        <SERVICEID>SHNGBDOC</SERVICEID>
    </HEAD>
    <BODY>
        <OPERATORID>admin</OPERATORID>
        <OPERATORPWD>2b59a37659593602a6509d9cb0dd374d3aa29b72115c523dfc5f249357a97a0c</OPERATORPWD>
        <OPERATORIP>127.0.0.1</OPERATORIP>
        <ACCTAUTHORLIST>
            <ACCTAUTHORINFO>
                <USERID>68</USERID>
                <AUTHORTYPE>role-角色</AUTHORTYPE>
                <MODIFYTYPE>DELETE</MODIFYTYPE>
                <AUTHORLIST>
                	<AUTHORINFO>
                        <ID>1</ID>
                    </AUTHORINFO>
					<AUTHORINFO>
                        <ID>2</ID>
                    </AUTHORINFO>
                    <AUTHORINFO>
                        <ID>3</ID>
                    </AUTHORINFO>
                    <AUTHORINFO>
                        <ID>4</ID>
                    </AUTHORINFO>
                    <AUTHORINFO>
                        <ID>5</ID>
                    </AUTHORINFO>
                    <AUTHORINFO>
                        <ID>6</ID>
                    </AUTHORINFO>
                    <AUTHORINFO>
                        <ID>7</ID>
                    </AUTHORINFO>
                    <AUTHORINFO>
                        <ID>8</ID>
                    </AUTHORINFO>
                    <AUTHORINFO>
                        <ID>9</ID>
                    </AUTHORINFO>
                    <AUTHORINFO>
                        <ID>101</ID>
                    </AUTHORINFO>
                    <AUTHORINFO>
                        <ID>102</ID>
                    </AUTHORINFO>
                    <AUTHORINFO>
                        <ID>103</ID>
                    </AUTHORINFO>
                    <AUTHORINFO>
                        <ID>104</ID>
                    </AUTHORINFO>
                    <AUTHORINFO>
                        <ID>105</ID>
                    </AUTHORINFO>
                    <AUTHORINFO>
                        <ID>110</ID>
                    </AUTHORINFO>
                    <AUTHORINFO>
                        <ID>111</ID>
                    </AUTHORINFO>
                    <AUTHORINFO>
                        <ID>113</ID>
                    </AUTHORINFO>
                    <AUTHORINFO>
                        <ID>114</ID>
                    </AUTHORINFO>
                </AUTHORLIST>
            </ACCTAUTHORINFO>
        </ACCTAUTHORLIST>
    </BODY>
</REQUEST>
