<?xml version='1.0' encoding='UTF-8'?>
<USERMODIFYREQ>
	<HEAD>
		<CODE>9</CODE>
		<SID>111111</SID>
		<TIMESTAMP>20181205195711</TIMESTAMP>
		<SERVICEID>JTNGSYJZJF</SERVICEID>
		</HEAD>
	<BODY>
		<OPERATORID>szyunwei</OPERATORID>
		<OPERATORIP>127.0.0.1</OPERATORIP>
		<MODIFYMODE>change</MODIFYMODE>
		<USERINFO>
			<USERID>47</USERID>
			<LOGINNO>test0421</LOGINNO>
			<USERNAME>test</USERNAME>
			<ORGID>11</ORGID>
			<MOBILE>13426411804</MOBILE>
			<EMAIL>daisha1@cmss.chinamobile.com</EMAIL>
			<EFFECTDATE>2019-03-25 19:57:10</EFFECTDATE>
			<EXPIREDATE>2020-12-30 00:00:00</EXPIREDATE>
			<REMARK></REMARK>
		</USERINFO>
	</BODY>
</USERMODIFYREQ>
