<?xml version='1.0' encoding='UTF-8'?>
<USERMODIFYREQ>
	<HEAD>
		<CODE>9</CODE>
		<SID>111111</SID>
		<TIMESTAMP>20181205195711</TIMESTAMP>
		<SERVICEID>JTNGSYJZJF</SERVICEID>
		</HEAD>
	<BODY>
		<OPERATORID>szyunwei</OPERATORID>
		<OPERATORIP>127.0.0.1</OPERATORIP>
		<MODIFYMODE>add</MODIFYMODE>
		<USERINFO>
			<LOGINNO>testUser0423</LOGINNO>
			<USERNAME>test</USERNAME>
			<ORGID>11</ORGID>
			<PASSWORD>16|26|104|-20|58|-39|-59|73|-126|22|-49|50|-1|-5|86|-64|89</PASSWORD>
			<MOBILE>13426411804</MOBILE>
			<EMAIL>daisha@cmss.chinamobile.com</EMAIL>
			<STATUS>1</STATUS>
			<EFFECTDATE>2019-03-25 19:57:10</EFFECTDATE>
			<EXPIREDATE>2020-12-30 00:00:00</EXPIREDATE>
			<REMARK></REMARK>
		</USERINFO>
	</BODY>
</USERMODIFYREQ>
