<?xml version='1.0' encoding='UTF-8'?>
<root>
    <MessageHeader>
        <MsgName>syncAcc</MsgName>
        <TimeStamp>时间戳</TimeStamp>
        <ClientID>4A资源编号</ClientID>
        <ActionID>1</ActionID>
    </MessageHeader>
    <MessageBody>
        <ACCOUNT>
            <login_id>123</login_id>
            <login_name>ws1122</login_name>
            <password>yJwqNnshqhA=</password>
            <realname>paas测试</realname>
            <gender>男</gender>
            <telephone>13451630383</telephone>
            <org>1</org>
            <status>1</status>
            <authorized_platform>1,2,3,4,5</authorized_platform>
        </ACCOUNT>
        <data actionType='add' role_id='1' right_id='1'></data>
        <data actionType='add' role_id='2' right_id='5'></data>
    </MessageBody>
</root>