<?xml version='1.0' encoding='UTF-8'?>
<REQUEST>
    <HEAD>
        <CODE></CODE>
        <SID></SID>
        <TIMESTAMP>20190523172106</TIMESTAMP>
        <SERVICEID>SHNGBDOC</SERVICEID>
    </HEAD>
    <BODY>
        <OPERATORID>admin</OPERATORID >
        <OPERATORPWD>2b59a37659593602a6509d9cb0dd374d3aa29b72115c523dfc5f249357a97a0c</OPERATORPWD >
        <OPERATORIP>127.0.0.1</OPERATORIP>
        <AUTHORTYPE>ROLE</AUTHORTYPE>
        <AUTHORLIST>
            <AUTHORINFO>
                <MODIFYTYPE>delete</MODIFYTYPE>
                <ID>121</ID>
            </AUTHORINFO>   
        </AUTHORLIST>
    </BODY>
</REQUEST>
